Country;1980;1981;1982;1983;1984;1985;1986;1987;1988;1989;1990;1991;1992;1993;1994;1995;1996;1997;1998;1999;2000;2001;2002;2003;2004;2005;2006;2007;2008;2009;2010;2011;2012;2013;2014;2015;2016;2017;2018;2019;2020;2021;2022;2023
Afghanistan;4.00;3.00;5.00;;16.00;15.00;11.00;25.00;35.00;33.00;25.00;23.00;;18.00;12.00;;31.00;28.00;27.00;27.00;24.00;33.00;36.00;41.00;50.00;58.00;58.00;63.00;64.00;63.00;66.00;82.00;87.00;90.00;95.00;98.00;81.06;81.00;87.00;86.66;85.29;81.24;83.96;86.25
Albania;;94.00;;95.00;95.00;96.00;96.00;96.00;96.00;94.00;94.00;78.00;94.00;96.00;100.00;97.00;98.00;99.00;96.00;97.00;97.00;97.00;98.00;97.00;97.30;98.00;97.00;98.00;99.00;97.80;99.00;99.00;98.70;99.00;98.50;98.80;98.50;99.00;98.80;98.60;98.46;;;97.10
Algeria;;33.00;;;;;;66.00;;81.00;58.00;82.00;78.00;73.00;75.00;83.00;77.00;79.00;80.00;83.00;;89.00;86.00;87.00;86.00;88.00;95.00;95.00;93.00;;95.00;95.00;95.00;95.00;95.00;95.00;95.00;96.00;95.00;;;;;
Andorra;;;;;;;;;;;;;;;;;90.00;90.00;89.00;90.00;98.00;96.00;97.00;99.00;99.10;98.00;93.00;96.00;100.00;99.19;99.29;99.86;98.68;96.32;97.06;96.92;97.85;99.71;99.53;99.07;99.07;98.51;97.58;98.00
Angola;;;;6.00;;8.00;10.00;10.00;12.00;18.00;24.00;26.00;21.00;30.00;27.00;42.00;28.00;41.00;45.00;22.00;31.00;41.00;47.00;46.00;59.00;47.00;44.00;83.00;81.00;73.00;91.00;86.30;91.00;92.54;80.00;80.00;80.00;77.00;83.70;78.50;72.23;65.56;62.66;75.36
Anguilla;;78.00;89.00;97.00;85.00;100.00;88.00;92.00;99.00;99.00;99.00;99.00;99.00;99.00;94.00;97.00;99.00;99.00;100.00;96.00;92.39;;;99.00;;;;;;;;;;;;;;89.00;91.00;77.00;86.00;79.00;88.10;90.06
Antigua and Barbuda;54.00;79.00;79.00;100.00;94.00;100.00;96.00;97.00;98.00;99.00;99.00;94.00;99.00;99.00;99.00;100.00;99.00;99.00;100.00;99.00;95.00;97.00;98.00;100.00;97.00;98.90;100.00;99.00;102.00;98.70;98.40;98.50;97.90;98.70;103.00;100.19;91.92;95.00;95.00;99.00;96.00;92.45;99.00;96.70
Argentina;44.00;49.00;58.00;61.00;62.00;66.00;67.00;75.00;80.00;80.00;87.00;80.00;81.00;81.00;82.00;85.00;83.00;88.00;84.00;86.00;83.00;83.00;92.50;96.00;98.00;98.10;91.40;91.30;93.00;94.20;94.20;91.00;91.30;93.90;94.10;94.00;91.85;88.00;86.00;83.00;74.30;81.18;83.83;66.19
Armenia;;;;;;;;;;;;;85.00;85.00;86.00;98.00;86.00;88.00;82.00;91.00;93.30;93.70;93.90;93.80;90.80;90.00;87.00;88.00;89.00;93.00;94.00;95.00;94.95;94.55;93.30;94.36;94.25;93.88;92.48;92.00;91.07;93.16;92.90;93.97
Aruba;;;;;;;;;;;;;;;;;;;;;;;;;;;;;;;;;;;;;;97.00;96.00;96.00;;93.02;94.07;95.98
Australia;33.00;;;55.00;;;;;;93.00;95.00;;;;;86.00;86.00;77.00;82.00;88.30;90.00;92.00;92.00;93.00;92.00;92.00;92.00;92.00;92.00;92.29;92.00;91.97;92.19;91.44;91.58;93.00;94.30;94.75;94.61;94.92;95.37;95.00;94.19;93.65
Austria;;90.00;90.00;90.00;90.00;90.00;90.00;90.00;90.00;90.00;90.00;90.00;90.00;90.00;90.00;90.00;90.00;90.00;;74.00;81.00;84.00;83.00;84.00;83.00;86.00;83.00;85.00;83.00;83.29;;;;;98.00;;87.00;89.90;84.90;88.00;84.61;86.36;83.50;87.00
Azerbaijan;;;;;;;;;;;;89.00;83.00;91.00;94.00;99.00;99.00;95.00;97.00;99.00;98.00;98.00;97.06;97.40;96.20;93.00;95.00;95.00;95.00;93.50;92.80;94.60;92.80;92.80;94.20;95.50;96.70;95.40;94.70;94.50;79.00;88.87;83.10;83.05
Bahamas;36.00;55.00;69.00;65.00;69.00;86.00;85.00;77.00;85.00;86.00;86.00;92.00;92.00;91.00;91.00;87.00;85.00;86.00;89.00;82.00;99.20;99.00;94.00;92.00;93.00;93.00;95.00;95.00;93.00;96.20;98.60;97.50;98.00;96.80;96.00;95.00;93.51;94.00;90.00;89.00;82.88;85.88;86.51;87.04
Bahrain;92.00;59.00;65.00;;83.00;64.00;80.00;88.00;96.00;96.00;94.00;99.00;94.00;94.00;96.00;95.00;96.00;98.00;98.00;97.00;96.60;99.00;98.00;97.30;97.70;98.00;98.00;97.00;97.00;97.50;99.60;99.80;99.41;98.90;99.00;98.00;100.00;97.40;100.00;99.78;98.24;98.25;96.83;99.37
Bangladesh;;1.00;1.00;1.00;1.00;2.00;4.00;9.00;16.00;49.00;69.00;87.00;98.00;90.00;94.00;91.00;97.00;98.00;78.00;66.20;68.00;65.00;69.00;72.00;96.00;78.00;84.00;87.00;87.00;86.60;89.00;90.00;90.00;92.30;93.20;93.00;94.10;90.00;90.00;93.40;93.40;93.40;;93.30
Barbados;60.00;58.00;62.00;69.00;83.00;83.00;79.00;79.00;76.00;78.00;91.00;82.00;90.00;86.00;90.00;93.00;85.00;96.00;93.00;87.00;93.00;90.00;87.00;89.00;93.00;92.00;84.00;93.00;85.00;92.50;86.08;90.60;87.00;;94.00;97.02;96.79;90.00;95.00;90.00;84.90;82.02;86.08;85.07
Belarus;;;;;;;;;;;;;90.00;91.00;92.00;96.00;98.00;98.00;99.00;99.00;99.10;;;85.50;99.00;99.00;99.00;95.00;97.00;96.50;98.40;98.50;97.50;98.00;97.00;99.00;97.70;97.00;97.10;97.70;97.14;97.55;97.90;97.51
Belgium;;95.00;95.00;95.00;95.00;;95.00;95.00;80.00;94.00;93.00;92.00;95.00;97.00;96.00;94.00;95.00;;79.00;;95.00;95.00;95.00;95.00;95.00;97.00;98.00;98.00;98.70;98.00;98.00;98.00;98.90;98.90;98.86;98.76;98.00;97.80;97.80;97.30;97.30;97.50;97.50;97.50
Belize;47.00;44.00;61.00;59.00;53.00;58.00;82.00;85.00;61.00;79.00;91.00;82.00;74.00;85.00;88.00;83.00;85.00;86.00;87.00;87.00;91.00;96.00;89.00;96.00;97.00;96.00;98.00;96.00;94.00;97.00;96.00;95.00;98.00;95.00;95.00;94.08;95.35;88.00;96.00;98.00;78.80;83.39;84.30;85.01
Benin;;;;;;17.00;17.00;25.00;30.00;48.00;78.00;68.00;79.00;77.00;86.00;89.00;80.00;78.00;81.00;89.60;88.00;;93.00;88.00;83.00;93.00;93.00;97.00;93.00;98.00;98.00;100.00;85.00;93.00;90.00;91.00;63.00;82.00;82.00;82.00;71.00;84.00;84.00;84.00
Bermuda;;66.00;53.00;48.00;40.00;52.00;72.00;89.00;83.00;74.00;62.00;82.00;76.00;65.00;89.00;86.00;98.00;91.00;;58.00;30.00;64.49;;92.12;95.00;;;94.00;;;;;;;;;;79.00;95.00;98.00;89.44;107.59;89.52;96.29
Bhutan;6.00;13.00;10.00;16.00;53.00;52.00;53.00;63.00;75.00;76.00;84.00;95.00;72.00;75.00;86.00;87.00;87.00;87.00;86.00;88.00;92.00;88.00;86.00;;89.00;95.00;95.00;95.00;96.00;96.00;95.00;95.00;97.00;97.00;99.10;99.00;98.00;98.00;97.00;97.00;94.72;98.44;97.93;98.57
Bolivia (Plurinational State of);11.00;13.00;12.00;10.00;6.00;33.00;29.00;24.00;39.00;39.00;41.00;58.00;77.00;81.00;81.00;88.00;82.00;78.00;76.00;87.00;89.00;90.50;100.00;100.00;84.00;85.00;83.00;82.00;82.70;84.50;80.40;82.20;79.70;80.30;85.00;88.61;87.44;83.50;83.00;75.00;68.36;69.70;68.66;67.49
Bosnia and Herzegovina;;;;;;;;;;;;;58.00;38.00;82.00;55.10;;79.00;89.00;90.40;84.90;91.40;79.80;;84.00;93.00;87.00;95.00;91.00;;89.40;;92.00;;86.20;;;;72.80;80.00;;75.70;75.47;72.70
Botswana;;;;;;68.00;65.00;48.00;50.00;55.00;56.00;53.00;59.00;57.00;;80.00;83.00;76.00;82.00;85.00;85.00;74.00;87.00;93.00;89.00;130.00;150.00;98.00;94.00;97.00;95.00;108.00;105.00;79.00;94.00;79.90;85.00;75.00;93.00;;;;;
Brazil;37.00;47.00;56.00;60.00;68.00;66.00;58.00;58.00;58.00;56.00;66.00;78.00;71.00;75.00;74.00;81.00;77.00;79.00;93.00;94.00;98.00;98.00;99.00;104.00;103.00;104.00;104.00;104.00;99.00;102.00;99.00;99.56;95.00;97.00;93.30;96.30;89.27;83.00;87.00;70.00;85.94;68.43;77.16;90.20
British Virgin Islands;;95.00;83.00;90.00;85.00;81.00;99.00;96.00;84.00;98.00;99.00;98.00;99.00;98.00;99.00;99.00;99.00;99.00;99.00;90.00;108.33;122.81;;99.00;;;;;;;;;;;;;;82.00;92.00;88.00;86.97;84.23;101.06;86.91
Brunei Darussalam;89.00;;99.00;85.00;96.00;88.00;86.00;85.00;89.00;;100.00;;96.00;100.00;;;;99.00;97.00;91.60;98.80;101.00;;;92.00;108.00;106.00;;;;;;;99.60;;99.00;100.00;100.00;100.00;100.00;99.97;99.95;99.96;99.93
Bulgaria;98.00;99.00;99.00;99.00;99.00;99.00;100.00;100.00;100.00;99.00;100.00;99.00;98.00;98.00;93.00;96.00;95.00;94.00;95.00;96.00;93.30;93.59;93.00;95.80;94.80;96.00;95.00;95.00;95.00;94.10;93.60;95.00;95.00;94.90;87.55;90.70;92.10;92.30;91.50;92.80;91.24;89.48;91.37;92.39
Burkina Faso;;2.00;;;;;34.00;34.00;23.00;;;;39.00;47.00;41.00;47.00;48.00;70.00;40.00;34.00;57.25;68.00;69.00;84.00;88.00;96.00;95.00;102.00;107.00;;91.00;91.00;89.50;88.20;91.00;91.00;91.00;91.00;91.00;91.00;91.00;91.00;96.00;94.04
Burundi;;36.00;33.00;44.00;26.00;36.00;53.00;68.00;68.00;82.00;86.00;83.00;80.00;63.00;48.00;63.00;55.00;60.00;50.00;63.00;68.00;59.00;95.00;94.00;83.00;87.00;92.00;99.00;92.00;101.00;96.00;107.00;96.00;96.00;95.00;94.00;94.00;91.00;90.00;93.00;93.00;94.00;91.00;88.60
Cabo Verde;;;;23.00;;39.00;54.00;92.00;88.00;100.00;88.00;100.00;100.00;100.00;;73.00;73.00;78.00;80.00;69.20;86.00;77.50;;87.00;75.00;73.00;72.00;81.00;82.00;74.00;99.56;90.42;94.26;93.10;95.39;93.33;95.74;96.00;97.50;96.00;;104.00;100.77;
Cambodia;;;;;;;;55.00;45.00;47.00;38.00;39.00;32.00;35.00;53.00;79.00;75.00;70.00;64.00;64.00;59.00;59.60;53.80;69.00;85.00;82.00;80.00;82.00;91.00;;;94.00;94.82;92.13;97.00;98.00;99.12;;;;106.26;;;
Cameroon;;5.00;;25.00;27.00;50.00;;;20.00;18.00;36.00;34.00;37.00;34.00;38.00;46.00;44.00;43.00;48.00;48.00;53.00;43.00;63.00;73.00;73.00;80.00;81.00;82.00;84.00;80.10;84.37;82.21;85.19;76.00;76.00;76.00;78.00;74.00;68.00;67.00;68.00;71.00;71.00;75.00
Canada;;;;;;;;85.00;;;;;;90.00;93.00;94.00;90.00;86.00;90.00;;;;88.00;91.00;91.00;;94.90;94.00;92.00;91.00;89.00;87.00;91.00;91.00;91.00;91.00;91.00;91.00;91.00;91.00;92.00;92.00;92.00;92.00
Cayman Islands;;67.00;90.00;100.00;90.00;91.00;95.00;90.00;93.00;93.00;95.00;83.00;97.00;98.00;95.00;98.00;96.00;95.00;93.00;94.00;93.02;92.16;;92.42;;;;;;;;;;;;;;95.00;93.00;;85.18;91.80;98.90;96.49
Central African Republic;13.00;11.00;14.00;16.00;17.00;20.00;19.00;18.00;30.00;43.00;61.00;66.00;31.00;;40.00;45.00;53.00;53.00;45.00;;29.00;23.00;23.00;28.00;50.00;46.00;88.00;84.00;51.00;76.40;57.70;64.00;59.00;28.00;45.00;47.00;54.00;53.00;74.00;61.00;79.82;78.24;68.00;96.70
Chad;;;;1.00;;;10.00;14.00;12.00;47.00;20.00;18.00;10.00;13.00;18.00;18.00;20.00;24.00;23.00;32.50;27.50;;40.00;47.00;50.00;58.00;77.00;70.00;43.00;75.00;83.00;70.00;72.00;80.00;83.00;92.00;78.00;72.00;77.00;80.56;83.08;89.24;90.56;101.28
Chile;93.00;100.00;100.00;89.00;100.00;99.00;90.00;93.00;96.00;95.00;95.00;94.00;90.00;90.00;94.00;94.00;91.00;90.00;90.00;95.00;91.00;97.00;97.00;96.00;93.00;91.00;94.00;96.00;95.00;94.00;92.30;93.70;89.88;91.20;95.00;96.04;94.80;93.00;95.00;96.00;92.70;95.11;95.61;95.67
China;;;;58.00;63.00;78.00;78.00;62.00;75.00;95.00;97.00;95.00;94.00;95.00;93.00;92.00;95.00;96.00;98.00;85.00;85.00;78.66;;;;87.00;93.00;93.00;97.00;;;;;;;;;;;;99.41;99.39;99.19;96.70
China, Hong Kong SAR;73.00;80.00;83.00;83.00;85.00;87.00;84.00;83.00;82.00;89.00;84.00;84.00;83.00;85.00;83.00;83.00;87.00;88.00;89.00;90.24;87.62;88.00;;84.65;;;;;;;;95.00;95.00;95.00;95.00;95.00;95.00;95.00;95.00;95.00;95.00;95.00;95.00;95.00
China, Macao SAR;;;17.00;;83.00;21.00;46.00;59.00;72.00;80.00;83.00;78.00;80.00;82.00;83.00;86.00;;88.00;92.00;91.50;91.79;92.25;;91.00;90.20;92.20;;90.20;91.30;91.80;;;93.50;93.50;93.20;93.70;94.00;95.00;94.80;98.00;96.49;97.75;97.71;97.60
Colombia;16.00;20.00;26.00;42.00;61.00;60.00;48.00;58.00;74.00;78.00;88.00;84.00;78.00;88.00;88.00;94.00;92.00;84.00;73.00;74.00;79.00;80.00;81.00;92.00;89.00;93.00;93.00;94.00;92.00;92.23;88.00;85.30;92.00;90.80;90.26;91.39;91.25;92.00;92.00;94.00;88.00;86.50;86.96;90.11
Comoros;;;;;31.00;;24.00;71.00;43.00;82.00;94.00;52.00;38.00;70.00;58.00;75.00;60.00;48.00;75.00;;70.00;70.00;89.00;80.00;76.00;68.00;69.00;75.00;81.00;;;83.00;86.00;83.00;80.00;80.00;91.00;91.00;91.00;91.00;91.00;91.00;88.10;
Congo;;42.00;;50.00;53.00;54.00;68.00;57.00;50.00;66.00;77.00;70.00;65.00;60.00;;47.00;75.00;23.00;;29.00;33.00;31.00;41.00;50.00;67.00;65.00;79.00;80.00;89.00;91.10;90.00;90.00;85.00;85.00;90.00;80.00;73.00;80.00;83.00;83.00;73.00;77.04;77.97;73.00
Cook Islands;40.00;;;57.00;48.00;78.00;87.00;83.00;94.00;89.00;93.00;87.00;87.00;100.00;86.00;93.00;75.00;93.00;93.00;92.00;92.00;90.00;97.00;96.00;107.00;114.00;137.00;106.00;100.00;82.00;99.00;93.00;98.00;98.00;100.00;99.00;99.00;100.00;100.00;98.00;;;;
Costa Rica;86.00;85.00;80.00;86.00;93.00;90.00;89.00;94.00;86.00;86.00;95.00;90.00;90.00;88.00;87.00;85.00;85.00;94.00;85.00;86.00;88.00;91.00;94.00;88.79;90.40;91.00;89.00;89.00;89.00;86.00;91.00;85.20;91.00;95.00;91.00;92.00;97.31;96.00;94.00;95.00;96.70;93.36;95.23;98.79
Côte d'Ivoire;;;;;19.00;25.00;30.00;73.00;25.00;42.00;;54.00;49.00;50.00;41.00;41.00;55.00;70.00;64.00;58.00;62.00;59.00;73.00;48.00;50.00;56.00;77.00;76.00;74.00;81.00;78.00;61.00;94.00;100.00;85.00;91.00;97.00;93.00;96.00;94.00;89.87;90.60;90.71;97.05
Croatia;83.00;81.20;81.90;82.80;81.80;81.10;81.50;80.80;83.80;86.40;88.00;85.00;82.90;85.00;87.00;90.00;91.00;92.00;93.00;93.00;93.30;94.40;94.60;94.40;95.56;96.00;96.00;96.00;96.00;;97.00;96.00;95.76;95.60;95.00;94.07;92.80;91.90;93.30;;93.72;92.13;92.04;92.65
Cuba;67.00;68.00;99.00;99.00;86.00;91.00;99.00;87.00;98.00;96.00;92.00;99.00;94.00;99.00;99.00;99.00;90.00;98.00;99.00;94.00;94.70;111.70;100.30;70.80;88.00;143.00;89.00;93.00;104.00;95.90;95.60;103.30;101.30;100.00;103.00;100.85;99.86;100.00;99.00;99.00;99.20;99.51;99.55;98.69
Cyprus;34.00;56.00;26.00;34.00;30.00;;91.00;93.00;90.00;93.00;;;;;95.00;96.00;98.00;98.00;;;97.30;;97.50;97.80;97.80;98.00;97.00;97.00;97.00;99.00;99.00;99.00;98.80;98.80;99.00;97.10;97.10;97.10;98.60;95.90;95.90;95.90;78.39;95.00
Czechia;;;;;;;;;;;;;;99.00;98.00;96.00;97.00;98.00;98.00;98.00;98.40;;97.70;97.00;97.90;97.00;98.00;99.00;99.00;99.00;;;99.12;;97.15;;95.75;;;96.69;;93.70;93.70;
Democratic People's Republic of Korea;50.00;52.00;51.00;52.00;67.00;55.00;61.00;86.00;87.00;97.00;98.00;97.00;90.00;90.00;99.00;96.00;100.00;100.00;37.00;87.00;80.00;;63.50;68.00;71.60;79.00;89.00;92.00;92.00;93.00;93.10;93.64;95.70;93.10;92.80;96.00;95.70;96.80;97.10;97.30;97.38;41.37;0.00;16.29
Democratic Republic of the Congo;;18.00;;16.00;;37.00;39.00;38.00;41.00;38.00;36.00;16.00;;29.00;29.00;23.00;18.00;18.00;18.00;25.00;40.00;32.00;43.00;49.00;64.00;73.00;77.00;87.00;83.00;71.00;60.00;70.00;71.00;71.00;73.00;70.00;70.00;71.00;71.00;73.00;70.00;65.00;65.00;60.00
Denmark;88.00;88.00;87.00;86.00;86.00;90.00;89.00;88.00;87.00;89.00;90.00;90.00;91.00;88.00;89.00;90.00;77.00;92.00;99.00;99.00;97.00;97.00;98.00;96.00;95.00;93.00;93.00;87.00;;89.00;90.00;91.00;94.00;94.00;94.00;93.00;94.00;98.00;96.80;97.00;97.10;96.90;97.10;97.44
Djibouti;;;6.00;;21.00;30.00;26.00;25.00;65.00;77.00;85.00;81.00;84.00;41.00;57.00;63.00;49.00;62.00;23.00;23.20;45.59;53.00;61.77;68.25;64.00;71.00;72.00;88.00;89.00;89.00;88.00;87.00;81.00;82.00;78.00;84.00;68.00;79.42;83.95;84.76;69.81;58.65;74.84;88.02
Dominica;63.00;97.00;100.00;93.00;84.00;91.00;93.00;95.00;96.00;92.00;92.00;98.00;99.00;99.00;99.00;100.00;100.00;92.00;99.00;99.00;99.30;98.70;98.30;99.00;100.00;98.00;95.00;96.00;96.00;99.60;98.30;98.00;96.90;96.50;97.00;97.93;98.65;91.00;94.00;99.00;96.32;92.15;82.42;56.23
Dominican Republic;36.00;27.00;28.00;29.00;20.00;41.00;80.00;80.00;42.00;47.00;69.00;47.00;48.00;75.00;83.00;83.00;83.00;83.00;80.00;83.00;77.90;72.00;82.00;79.00;81.00;87.00;89.00;85.00;82.00;81.80;87.80;84.10;85.42;82.58;90.74;85.04;86.68;84.00;94.00;89.00;81.90;83.98;87.51;90.00
Ecuador;10.00;26.00;35.00;31.00;48.00;41.00;44.00;51.00;54.00;55.00;68.00;59.00;87.00;76.00;80.00;74.00;88.00;76.00;85.00;80.00;88.40;89.90;88.70;89.00;90.00;94.00;98.00;102.00;99.00;108.00;109.00;105.00;114.36;87.00;83.00;77.69;83.44;84.89;85.00;85.00;70.48;72.17;69.72;96.00
Egypt;84.00;82.00;83.00;;69.00;84.00;80.00;81.00;87.00;90.00;87.00;86.00;89.00;89.00;90.00;88.00;90.00;94.00;95.00;97.00;97.70;;;;96.60;98.00;98.00;98.00;97.00;96.90;96.70;96.50;93.00;96.80;94.30;93.40;;94.40;94.90;95.20;94.49;96.42;96.54;96.44
El Salvador;44.00;42.00;42.00;21.00;31.00;55.00;50.00;53.00;63.00;64.00;80.00;61.00;60.00;79.00;90.00;99.00;96.00;97.00;100.00;94.00;99.00;92.00;81.00;94.00;90.00;89.00;96.00;100.00;98.00;91.00;89.00;89.40;93.00;92.00;93.00;91.13;93.25;85.00;81.00;96.00;88.57;97.00;94.66;96.31
Equatorial Guinea;;;;;;3.00;3.00;;18.00;14.00;;;64.00;60.00;;64.00;64.00;81.00;;40.00;31.80;32.00;65.00;41.00;46.00;34.00;34.00;41.00;74.00;74.00;44.00;54.00;41.00;24.00;45.00;17.00;32.62;48.00;46.00;61.00;65.00;67.00;69.70;73.57
Eritrea;;;;;;;;;;;;;;;;35.00;46.00;60.00;60.00;56.40;52.00;65.00;70.00;75.00;80.00;80.00;80.00;80.00;85.00;85.00;85.00;93.70;93.70;93.70;93.70;95.00;95.00;95.00;95.00;95.00;95.00;95.00;95.00;95.00
Estonia;;;;;;;;;;;67.00;71.00;70.00;71.00;77.00;82.00;87.00;87.00;88.00;91.00;93.00;94.00;94.00;94.00;94.00;96.00;95.00;95.00;95.00;95.30;93.70;93.40;94.00;93.60;93.30;93.16;93.20;92.80;91.90;91.40;91.00;89.51;85.00;72.00
Eswatini;;30.00;;43.00;50.00;61.00;74.00;86.00;89.00;89.00;89.00;79.00;93.00;89.00;96.00;82.00;82.00;82.00;84.00;100.00;98.00;77.00;77.00;95.00;83.00;71.00;68.00;68.00;80.00;72.10;89.00;91.00;95.00;98.00;98.00;90.10;90.00;90.10;90.00;90.00;83.20;77.20;96.91;85.33
Ethiopia;;3.00;3.00;4.00;4.00;6.00;7.00;16.00;16.00;26.00;49.00;21.00;13.00;28.00;37.00;57.00;42.00;41.00;37.00;40.00;42.00;51.00;51.00;52.00;66.00;69.00;72.00;73.00;81.00;78.70;85.90;87.00;83.00;82.00;83.52;95.80;96.00;96.00;95.00;96.00;99.00;92.78;93.11;99.64
Fiji;68.00;70.00;64.00;80.00;77.00;69.00;71.00;90.00;98.00;69.00;82.00;99.00;;96.00;83.00;97.00;97.00;86.00;86.00;;;90.00;92.00;94.00;71.34;75.00;81.00;83.00;99.00;;;84.30;90.80;98.00;98.00;96.00;93.00;98.00;85.00;91.20;92.77;;85.00;95.17
Finland;;92.00;94.00;94.00;;;;;99.00;90.00;90.00;95.00;99.00;99.00;99.00;99.00;100.00;99.00;99.00;99.00;99.00;99.00;98.10;98.00;98.00;97.00;97.00;99.00;99.00;99.30;;98.90;99.00;98.40;;97.20;91.60;88.60;91.00;91.00;;89.00;91.00;91.00
France;;79.00;;90.00;94.00;;96.00;;79.00;95.00;94.00;94.00;94.00;94.00;96.00;96.00;97.00;97.00;96.00;97.00;97.00;97.00;97.00;97.00;98.00;98.00;99.00;99.00;99.00;98.00;99.00;99.00;99.00;99.00;98.00;97.00;96.00;96.10;96.30;;;96.40;96.40;96.30
French Polynesia;;31.00;;;;76.00;86.00;61.00;89.00;85.00;81.00;89.00;92.00;;;93.00;98.00;98.00;92.00;98.00;97.00;97.00;;99.00;;;;98.00;;98.00;98.00;98.00;98.90;;98.00;99.00;98.00;99.70;98.00;98.00;;;99.00;
Gabon;;;48.00;14.00;31.00;48.00;48.00;59.00;65.00;71.00;78.00;72.00;66.00;65.00;59.00;70.00;61.00;54.00;37.00;31.00;10.00;28.00;33.00;40.00;40.00;40.00;44.00;81.00;82.00;76.00;67.00;75.00;82.00;79.00;70.00;80.00;75.00;75.00;70.00;70.00;62.94;74.73;60.35;69.54
Gambia;;76.00;;62.00;;78.00;73.00;85.00;82.00;87.00;92.00;85.00;85.00;90.00;93.00;96.00;96.00;;;;;;80.00;80.00;90.00;95.00;95.00;90.00;92.00;94.00;95.00;96.00;98.00;98.00;96.00;97.00;95.00;92.00;93.00;88.00;;;79.10;84.43
Georgia;;;;;;;;;;;;;58.30;54.30;58.00;54.00;91.60;92.00;89.00;98.00;97.70;85.70;85.00;75.00;78.00;82.00;88.00;98.00;92.00;88.40;92.00;94.00;92.00;93.00;90.60;93.70;92.00;91.00;93.00;94.00;88.06;85.32;85.36;88.00
Germany;;;;;;;95.00;97.00;93.00;94.00;80.00;90.00;80.00;80.00;80.00;80.00;80.00;85.00;62.00;73.00;78.00;84.00;87.00;89.00;97.00;98.00;98.00;97.00;98.00;97.00;96.00;96.00;96.00;96.00;;;;;;;;;89.30;89.30
Ghana;7.00;22.00;22.00;23.00;19.00;;15.00;18.00;36.00;35.00;50.00;40.00;40.00;48.00;48.00;51.00;51.00;60.00;68.00;72.20;84.00;;;80.00;80.00;84.00;84.00;94.00;93.00;94.00;94.00;91.00;92.10;90.00;98.30;88.50;93.10;99.00;97.00;97.00;94.48;98.00;99.00;95.40
Greece;72.00;95.00;;;60.00;54.00;80.00;82.00;83.00;54.00;54.00;85.00;89.00;89.00;90.00;90.00;90.00;90.00;;88.00;;;;;;;;99.00;99.00;99.20;;99.20;99.50;99.50;99.50;99.50;99.50;99.50;99.50;99.50;99.50;99.50;;94.62
Grenada;25.00;43.00;56.00;68.00;76.00;61.00;98.00;80.00;65.00;87.00;80.00;85.00;90.00;89.00;91.00;95.00;80.00;95.00;97.00;88.00;97.01;96.00;98.00;;83.00;100.00;91.00;101.00;100.00;99.40;97.00;94.70;96.70;101.30;97.00;92.27;96.14;83.00;95.00;92.00;;;76.59;86.10
Guam;;11.00;30.00;37.00;;97.00;;;97.00;8.00;56.00;;;;20.00;;72.00;96.00;91.00;90.00;92.00;90.00;;88.00;97.00;86.00;;;;;;;49.00;49.00;;91.00;;;;;;;;
Guatemala;43.00;42.00;45.00;44.00;48.00;21.00;37.00;16.00;47.00;58.00;66.00;63.00;66.00;75.00;71.00;80.00;73.00;83.00;88.00;88.00;95.00;92.00;94.00;94.27;95.00;92.00;91.00;85.00;95.00;91.90;93.90;87.60;96.00;96.00;74.00;70.00;83.00;91.00;85.00;88.40;90.34;79.65;81.37;83.21
Guinea;;;;;;;2.00;;;17.00;20.00;41.00;52.00;;73.00;73.00;48.00;53.00;56.00;57.00;57.00;57.00;58.00;69.00;69.00;86.00;89.00;93.00;70.00;85.00;90.00;85.00;102.00;90.00;60.00;60.00;66.00;70.00;75.00;82.00;85.00;60.00;60.00;60.00
Guinea-Bissau;;;;9.00;18.00;18.00;29.00;55.00;66.00;60.00;61.00;63.00;67.00;65.00;74.00;45.00;53.00;63.00;;6.00;;47.00;50.00;77.00;80.00;80.00;77.00;96.00;79.00;82.00;86.00;89.00;90.00;96.00;83.00;90.00;68.00;79.00;82.00;78.00;;93.00;67.00;67.00
Guyana;36.00;41.00;53.00;58.00;70.00;75.00;64.00;67.00;64.00;77.00;83.00;81.00;79.00;93.00;90.00;86.00;83.00;88.00;90.00;83.00;88.00;85.00;91.00;90.00;91.00;93.00;93.00;94.00;93.00;98.00;95.00;93.00;97.40;98.00;98.00;95.07;96.75;97.00;95.00;99.00;99.90;98.43;103.00;102.54
Haiti;3.00;14.00;12.00;9.00;14.00;19.00;24.00;28.00;48.00;50.00;41.00;;30.00;30.00;30.00;34.00;;35.00;39.00;59.00;80.44;52.00;51.00;50.00;71.00;;63.88;75.76;67.45;75.33;78.55;101.44;96.44;98.93;74.77;88.87;83.81;85.13;94.22;79.48;83.04;73.39;73.00;96.49
Honduras;28.00;34.00;46.00;52.00;41.00;58.00;62.00;58.00;74.00;85.00;84.00;94.00;93.00;94.00;94.00;94.00;94.00;95.00;97.00;95.00;94.00;96.00;95.00;92.00;94.00;98.00;95.00;94.00;93.00;97.70;100.80;105.40;88.20;86.74;84.80;98.69;103.70;90.00;91.00;88.00;80.33;77.27;77.77;72.71
Hungary;99.00;99.00;99.00;99.00;99.00;99.00;99.00;100.00;99.00;99.00;99.00;100.00;100.00;99.00;99.00;100.00;100.00;100.00;100.00;100.00;100.00;100.00;99.80;;;100.00;100.00;100.00;100.00;;;;;;;;;;;;;;99.86;99.89
Iceland;;99.00;98.00;94.00;99.00;;99.00;;99.00;99.00;99.00;99.00;99.00;99.00;99.00;99.00;99.90;100.00;;;98.00;92.00;;97.00;99.00;95.00;97.00;97.00;98.00;96.00;96.00;95.00;89.00;91.20;90.00;92.00;91.00;89.00;91.00;92.50;93.36;91.99;92.16;92.43
India;52.80;57.90;74.00;77.50;86.70;100.00;84.90;97.00;93.20;100.00;100.00;90.47;90.19;93.20;94.50;90.70;91.50;93.00;90.00;59.00;58.00;59.00;59.00;61.00;63.00;65.00;65.00;64.00;70.00;74.00;79.00;82.00;82.00;83.00;;87.00;88.00;89.00;99.00;90.63;85.22;85.30;93.00;90.74
Indonesia;;;1.00;5.60;12.90;27.00;46.50;63.50;70.70;75.20;87.60;91.20;93.10;90.50;92.10;91.50;90.90;90.30;92.40;88.40;76.50;75.60;74.70;90.00;76.00;90.00;87.00;88.00;77.00;82.00;83.40;83.00;73.00;86.00;95.00;84.30;84.00;85.25;75.92;85.00;77.00;77.00;91.00;83.00
Iran (Islamic Republic of);32.00;29.00;41.00;33.00;33.00;51.00;57.00;57.00;88.00;82.00;91.00;88.00;97.00;99.00;95.00;98.00;100.00;100.00;100.00;100.00;100.00;95.00;99.00;99.00;98.00;95.00;98.00;99.00;99.00;99.00;99.00;99.00;99.00;98.00;99.00;98.00;99.00;99.00;99.00;99.00;99.73;98.41;99.00;99.10
Iraq;13.00;13.00;18.00;16.00;;;91.00;74.00;86.00;97.00;83.00;63.00;81.00;88.00;87.00;91.00;94.00;92.00;87.00;89.50;85.50;74.00;74.00;59.00;74.00;84.00;76.00;70.00;80.00;85.90;83.70;89.10;78.00;77.00;75.00;68.40;71.00;81.00;86.00;84.00;73.89;78.12;92.56;90.83
Ireland;34.00;36.00;43.00;42.00;45.00;45.00;;;43.00;65.00;65.00;;;;;;;76.00;84.00;86.00;86.00;84.00;83.00;86.00;89.00;90.00;91.00;92.00;93.00;93.71;94.00;95.00;95.00;96.00;95.54;95.10;95.00;95.00;94.47;93.50;94.16;93.50;92.69;89.48
Italy;;;;;;;;;;;80.00;80.00;80.00;82.00;83.00;84.00;84.00;85.00;86.20;86.80;87.00;93.00;93.00;96.00;94.00;95.00;96.00;97.00;96.00;96.00;96.00;95.80;97.00;96.00;95.00;93.00;;;;;93.65;93.90;95.15;94.76
Jamaica;24.00;39.00;34.00;51.00;58.00;60.00;74.00;81.00;82.00;85.00;86.00;85.00;84.00;91.00;93.00;90.00;92.00;90.00;85.00;84.00;86.40;89.00;86.00;81.41;81.00;88.00;85.00;85.00;87.00;90.10;94.00;91.80;95.60;93.10;92.00;90.95;98.76;93.00;97.00;96.00;95.59;89.78;98.42;100.67
Japan;60.00;75.00;81.00;80.00;82.00;83.00;;;;87.00;87.00;92.00;87.00;85.00;;74.00;100.00;70.00;;;85.30;95.00;96.50;97.00;100.00;98.00;98.00;98.00;;;;;102.70;102.10;102.90;96.20;99.10;102.40;100.98;98.30;96.21;98.77;;
Jordan;30.00;81.00;75.00;76.00;44.00;53.00;88.00;90.00;98.00;94.00;92.00;92.00;96.00;94.00;96.00;100.00;100.00;99.00;99.00;85.00;91.00;99.00;95.00;97.00;95.00;95.00;98.00;98.00;97.00;98.00;98.00;98.00;98.00;98.00;98.00;99.00;98.00;100.00;96.00;89.00;77.30;;92.11;96.37
Kazakhstan;;;;;;;;;;;;;81.00;76.00;76.00;93.00;95.00;97.00;100.00;98.00;97.10;95.00;95.00;99.40;81.50;98.00;100.00;93.00;99.00;98.30;98.90;98.60;99.80;98.00;95.00;98.00;82.50;101.40;98.00;97.00;88.30;;98.64;98.60
Kenya;;;;;;70.00;72.00;;30.00;41.00;42.00;41.00;40.00;42.00;50.00;84.00;77.00;36.00;64.00;79.20;63.00;80.00;84.00;73.00;73.00;76.00;80.00;81.00;85.00;75.00;83.00;88.00;83.00;84.00;81.00;77.57;78.00;70.89;81.46;83.22;84.61;87.50;86.00;84.66
Kiribati;43.00;29.00;53.00;40.00;18.00;37.00;;36.00;63.00;79.00;97.00;70.00;86.00;100.00;71.00;60.00;79.00;91.00;88.00;78.00;90.00;85.00;;97.50;;79.00;86.00;94.00;82.00;86.00;91.00;;93.50;94.90;74.60;87.00;;90.00;95.00;97.14;92.05;;90.79;
Kosovo (in accordance with UN Security Council resolution 1244 (1999));;;;;;;;;;;;;;;;;;;;;;;;;;;;;;;;;;;;;;;;;91.57;;90.02;88.73
Kuwait;67.00;79.00;83.00;89.00;89.00;90.00;91.00;92.00;94.00;94.00;;;;97.00;100.00;100.00;100.00;96.00;95.00;93.90;97.70;;;100.00;;111.00;;;;;97.68;99.20;98.21;;94.70;99.00;99.00;99.00;91.00;;;94.00;96.00;100.79
Kyrgyzstan;;;;;;;;;;;;;84.40;64.40;82.00;93.10;97.70;98.00;97.00;99.20;98.70;98.70;98.20;98.10;99.30;98.00;92.00;94.00;95.00;95.40;95.50;96.20;96.10;96.80;95.80;96.60;96.10;92.00;94.40;95.00;86.60;88.80;90.41;86.33
Lao People's Democratic Republic;;;;;;4.00;5.00;10.00;17.00;21.00;18.00;22.00;23.00;25.00;48.00;54.00;58.00;60.00;55.00;56.00;52.80;40.00;55.00;50.00;45.00;49.00;81.00;50.00;61.00;67.00;;;78.57;87.00;88.00;100.00;95.00;96.00;97.00;92.50;90.68;86.70;92.21;95.52
Latvia;;91.00;89.00;89.00;91.00;90.00;90.00;92.00;89.00;88.00;90.00;89.00;87.00;80.00;97.00;98.00;93.00;92.00;94.00;95.00;96.00;97.00;97.00;98.00;101.00;100.00;96.00;94.00;94.00;94.00;92.00;92.00;91.00;94.00;92.00;94.00;98.11;98.12;96.00;100.00;100.00;94.41;95.20;98.14
Lebanon;;;4.00;;4.00;60.00;30.00;91.00;33.00;78.00;82.00;86.00;89.00;87.00;;94.00;94.00;92.00;96.00;94.30;90.00;93.00;92.40;92.40;;47.00;46.00;48.00;93.00;92.80;93.60;94.90;95.00;98.40;96.70;90.88;90.00;93.00;94.00;93.48;81.00;76.70;;63.21
Lesotho;;57.80;;80.40;;;68.00;69.60;86.90;78.20;71.20;66.50;66.30;47.20;55.30;51.50;52.60;56.00;64.00;58.30;69.00;72.00;60.00;62.00;71.00;87.00;90.00;91.00;91.00;72.00;75.00;69.00;67.00;66.00;69.00;67.00;67.00;87.00;83.00;94.00;94.53;94.53;92.00;89.64
Liberia;;39.00;;23.00;;;15.00;19.00;;;;;;;;45.00;45.00;26.00;19.00;23.10;48.40;62.00;51.00;38.00;31.00;87.00;88.00;88.00;92.00;92.00;75.00;77.00;93.00;89.00;63.00;65.00;92.00;99.00;97.00;87.00;81.88;82.94;94.65;99.00
Libya;60.00;67.00;72.00;79.00;81.00;81.00;82.00;82.00;84.00;87.00;84.00;;90.00;;;95.00;96.00;96.00;95.00;94.00;;;;;97.00;98.00;98.00;98.00;98.00;98.00;;;98.00;;97.00;97.00;97.00;;97.00;97.00;97.00;97.00;97.00;92.67
Lithuania;;;;;;;;;;;;;86.00;87.00;87.00;97.00;92.00;90.00;93.00;93.00;93.50;94.60;94.80;94.20;93.90;94.00;94.00;95.00;96.00;98.00;94.80;92.00;93.00;93.21;92.90;93.48;94.00;93.70;92.30;92.10;91.35;90.05;89.98;90.01
Luxembourg;;;;75.00;68.00;;;95.00;90.00;90.00;90.00;;;;;;98.00;98.00;;;;;100.00;98.00;100.00;100.00;99.00;99.00;99.00;99.10;99.10;99.10;100.00;99.30;99.00;99.30;99.30;99.00;99.20;;99.00;99.00;;98.90
Madagascar;48.00;41.00;15.00;23.00;19.00;23.00;30.00;35.00;42.00;51.00;71.00;53.00;65.00;66.00;66.00;74.00;73.00;61.00;54.00;71.00;80.00;37.00;62.00;87.00;75.00;92.00;93.00;95.00;88.00;89.06;85.00;89.16;86.00;90.00;88.86;84.86;93.02;;91.00;95.11;92.87;82.25;77.80;86.23
Malawi;58.00;64.00;52.00;63.00;54.00;58.00;59.00;53.00;73.00;88.00;80.00;81.00;86.00;91.00;98.00;97.00;90.00;95.00;96.00;85.00;75.00;90.00;64.00;84.00;89.00;93.00;100.00;87.00;91.00;93.00;93.00;97.00;96.00;89.00;91.00;88.00;84.00;88.00;92.00;95.00;93.81;93.00;85.66;91.00
Malaysia;66.60;65.50;72.80;58.00;54.00;57.00;62.00;68.60;67.80;84.10;90.00;92.00;93.50;91.00;95.00;98.00;97.00;98.00;97.00;97.00;95.00;97.00;96.00;99.00;94.00;96.00;95.00;97.00;97.00;97.00;96.00;96.00;97.00;;;99.00;;;;98.00;97.68;95.00;97.17;107.71
Maldives;;1.00;1.00;;24.00;28.00;42.00;42.00;86.00;91.00;94.00;98.00;98.00;90.00;96.00;94.00;97.00;97.00;97.00;98.00;98.00;98.00;97.50;97.50;96.00;98.00;98.00;98.00;98.00;98.00;96.00;;99.50;99.40;99.10;99.50;99.40;99.40;98.70;98.50;98.61;96.48;99.00;99.10
Mali;;;;;;8.00;3.00;8.00;18.00;26.00;42.00;34.00;38.00;46.00;39.00;49.00;53.00;52.00;56.00;47.00;54.00;61.00;74.00;79.00;86.00;95.00;95.00;91.00;103.00;89.00;92.00;88.00;90.00;76.00;81.00;90.00;72.96;72.96;72.00;71.00;70.70;97.00;76.00;76.00
Malta;;;;;50.00;37.00;86.00;;87.00;47.00;63.00;86.00;82.00;83.00;;92.00;92.00;;92.00;;94.20;;95.00;94.00;89.00;92.00;85.00;74.00;72.00;73.00;76.00;95.70;98.70;99.24;98.89;96.63;96.90;97.90;97.00;98.16;98.43;99.01;98.41;98.26
Marshall Islands;;;;;;;;;92.00;;92.00;71.00;82.00;56.00;67.00;70.00;78.00;78.00;86.00;66.00;39.20;73.00;80.00;68.00;64.00;77.00;74.00;93.00;;96.00;94.15;;80.00;35.71;78.00;85.00;71.00;79.96;81.00;79.17;82.40;86.00;86.20;84.67
Mauritania;;18.00;;;;;11.00;10.00;24.00;28.00;33.00;29.00;39.00;44.00;50.00;50.00;50.00;28.00;;26.00;31.00;61.00;83.00;76.00;70.00;71.00;68.00;75.00;74.00;64.45;64.32;75.40;80.00;80.00;84.00;73.20;86.00;90.05;90.05;89.00;97.00;97.00;85.00;90.44
Mauritius;89.00;82.00;94.00;89.00;85.00;88.00;86.00;84.00;86.00;85.00;85.00;;88.00;;89.00;93.00;89.00;90.00;89.00;85.20;87.50;;;99.00;98.00;97.00;97.00;97.00;99.00;99.00;99.00;98.00;98.00;98.00;97.00;97.00;96.00;94.00;97.00;96.00;95.00;;95.00;96.00
Mexico;44.00;43.00;40.00;41.00;52.00;40.00;34.00;62.00;60.00;65.00;53.00;88.00;90.00;82.00;91.00;91.00;95.00;95.00;96.00;96.00;97.00;97.00;97.00;98.00;98.07;98.00;98.00;98.00;96.00;95.00;95.20;97.30;98.90;82.66;86.90;87.08;93.29;85.00;88.00;82.00;85.83;77.92;83.35;84.65
Micronesia (Federated States of);;;;;;;;57.00;85.00;95.00;85.00;79.00;;78.00;81.00;83.00;;75.00;80.00;76.00;85.00;75.00;;92.00;78.00;94.00;67.00;79.00;;91.00;85.00;84.00;81.18;81.49;78.30;72.00;69.00;73.00;75.00;78.00;82.52;72.38;71.40;79.01
Monaco;;;;;;;;;100.00;100.00;100.00;98.00;98.00;;99.00;99.00;;;;100.00;;;100.00;;;;;;;;;;;;;;;100.00;100.00;100.00;;;;100.00
Mongolia;76.00;99.00;79.00;79.00;77.00;83.00;85.00;69.00;70.00;84.00;69.00;81.00;64.00;79.00;78.00;88.00;90.00;92.00;94.00;94.00;94.50;95.00;98.00;98.00;98.90;99.00;99.00;95.00;96.00;94.83;96.09;99.20;99.50;97.61;98.90;99.30;98.70;99.60;98.60;98.10;96.40;95.44;94.55;96.46
Montenegro;;;;;;;;;;;;;;;;;;;;;;;;;;;90.00;92.00;95.00;91.60;93.70;94.70;94.30;94.20;91.20;89.30;89.07;86.64;85.82;;84.17;83.10;80.25;81.23
Montserrat;;;;;;;;;;;99.00;99.00;99.00;99.00;99.00;99.00;99.00;99.00;99.00;99.00;85.00;97.50;;91.23;;;;;;;;;;;;;;100.00;87.00;118.00;;100.00;97.56;100.00
Mozambique;;56.00;43.00;38.00;32.00;29.00;32.00;39.00;38.00;47.00;46.00;46.00;50.00;49.00;55.00;57.00;60.00;61.00;77.00;81.00;88.00;;;85.00;65.00;75.00;98.00;75.00;80.00;76.00;74.00;76.20;76.20;78.00;88.00;80.00;;99.00;90.00;95.00;82.00;82.00;;81.00
Myanmar;4.00;5.00;9.00;11.00;12.00;16.00;37.00;28.00;36.00;50.00;69.00;84.00;87.00;90.00;77.00;84.00;88.00;90.00;90.00;73.00;82.00;78.00;77.30;77.00;82.00;73.00;82.00;86.00;85.00;90.00;90.00;86.41;83.50;75.00;88.00;89.00;90.00;89.00;91.00;90.21;83.66;37.18;70.75;75.57
Namibia;;;;;;;;;;;59.00;87.00;70.00;73.00;79.00;74.00;70.00;66.00;74.00;72.40;79.00;63.00;77.00;92.00;81.00;86.00;74.00;86.00;83.00;83.00;83.00;82.00;84.00;89.00;88.00;92.00;92.00;92.00;88.00;87.00;93.13;94.24;83.94;84.00
Nepal;8.00;16.00;18.00;28.00;27.00;32.00;38.00;46.00;75.00;72.00;80.00;74.00;72.00;68.00;63.00;65.00;75.00;78.00;76.00;76.00;79.80;72.10;72.00;78.00;80.00;75.00;89.00;82.00;82.00;89.00;82.00;92.00;90.00;92.00;92.00;91.00;87.36;90.00;91.00;93.00;84.00;91.00;90.00;94.00
Netherlands (Kingdom of the);96.30;96.30;96.60;96.90;96.90;96.80;96.90;96.90;97.00;97.10;96.90;97.00;97.20;97.20;97.00;96.90;97.40;97.40;97.30;97.20;97.20;97.20;97.20;98.00;98.00;96.00;96.30;96.70;96.80;96.80;96.90;96.65;96.70;96.55;96.00;95.00;94.77;93.86;93.49;93.67;94.17;94.70;92.86;91.84
New Caledonia;;;;;;76.00;;;;;;;;;;88.00;;93.00;87.00;;;;;;;;;100.00;;;;;98.30;98.30;98.30;98.00;98.00;98.00;98.00;;;;98.00;
New Zealand;76.00;72.00;73.00;73.00;83.00;72.00;70.00;67.00;69.00;;90.00;81.00;81.00;;84.00;89.00;;86.00;81.00;88.00;89.60;89.60;;;;89.00;89.00;88.00;89.00;92.00;93.36;94.54;93.19;92.45;92.65;92.00;92.00;93.67;92.64;91.59;92.01;89.82;89.32;88.16
Nicaragua;16.00;23.00;27.00;24.00;33.00;39.00;45.00;51.00;47.00;68.00;70.00;75.00;70.00;78.00;74.00;85.00;91.00;94.00;86.00;90.00;93.00;92.00;85.00;86.00;79.00;86.00;88.00;101.00;97.00;98.40;100.90;101.60;108.40;108.40;109.00;107.99;110.06;108.00;109.00;112.00;106.03;100.60;113.24;104.34
Niger;;6.00;;;;;5.00;;9.00;13.00;35.00;39.00;37.00;38.00;39.00;42.00;32.00;33.00;25.00;24.00;25.00;31.00;21.00;52.00;62.00;89.00;102.00;78.00;89.00;93.00;92.00;97.00;96.00;92.00;93.00;90.00;80.00;85.00;79.00;81.00;81.00;82.00;84.00;85.00
Nigeria;;;;;5.00;9.00;16.00;21.00;36.00;47.00;56.00;39.00;43.00;29.00;44.00;34.00;26.00;21.00;21.00;;38.00;;;;38.00;38.00;72.00;69.00;57.00;71.00;74.00;61.00;57.00;65.00;70.00;45.00;45.00;33.00;57.70;57.00;57.00;56.00;57.00;57.00
Niue;7.00;8.00;;;43.00;;;100.00;100.00;100.00;;100.00;;100.00;100.00;100.00;100.00;100.00;100.00;100.00;100.00;;100.00;;100.00;85.00;100.00;99.00;100.00;100.00;100.00;99.00;99.00;100.00;;100.00;100.00;100.00;100.00;;;;100.00;100.00
North Macedonia;;;;;;;;;;;;;;90.00;88.00;95.00;93.00;97.00;94.00;95.00;95.00;91.00;95.60;95.80;93.80;97.00;93.00;95.00;95.00;95.90;95.40;95.90;95.00;98.00;95.40;91.30;95.30;91.10;92.50;;83.88;80.88;83.92;86.32
Northern Mariana Islands;;;;;;;;;51.00;19.00;12.00;;;;76.00;93.00;;97.00;98.00;99.00;88.00;;;92.00;87.00;;;78.00;;;;;;;;;65.00;;65.00;72.31;64.48;28.99;89.70;75.21
Norway;;;;90.00;90.00;85.00;83.00;80.00;83.00;83.00;86.00;96.00;98.00;94.00;93.00;97.00;97.00;95.00;;;90.00;91.00;93.00;92.00;92.00;91.00;94.00;93.00;94.00;94.00;93.00;94.00;95.00;94.00;93.00;95.00;96.00;96.00;96.00;97.00;97.06;96.81;96.63;96.40
occupied Palestinian territory, including east Jerusalem;;;;;;;;;;;;;;;;100.00;97.00;96.00;98.00;89.00;93.00;97.00;97.00;98.00;96.00;96.00;96.00;100.00;96.00;;;;;;;;;100.00;100.00;100.00;;;98.48;87.62
Oman;18.00;19.00;24.00;31.00;45.00;60.00;82.00;89.00;90.00;98.00;98.00;95.00;99.00;97.00;97.00;100.00;100.00;99.00;100.00;98.60;99.99;99.98;98.59;98.75;;101.00;98.00;100.00;99.00;;;;;;;100.00;;99.70;100.00;100.00;99.98;100.00;100.00;99.95
Pakistan;2.00;3.00;5.00;15.00;44.00;30.00;56.00;62.00;64.00;73.00;83.00;81.00;78.00;74.00;64.00;58.00;77.00;74.00;79.00;80.00;78.00;76.00;68.48;66.80;65.00;80.00;83.00;54.00;53.00;52.00;52.00;63.00;64.00;65.00;69.00;72.00;75.00;75.00;72.00;83.60;80.00;83.00;85.00;86.00
Palau;;;;;;;98.00;81.00;100.00;78.00;100.00;98.00;93.00;89.00;67.00;100.00;98.00;91.00;96.00;96.00;96.00;;99.00;;98.00;98.00;98.00;94.00;92.00;;69.00;;89.00;98.65;95.00;90.00;98.00;96.67;95.00;97.00;95.93;95.29;93.90;96.68
Panama;70.00;72.00;60.00;85.00;66.00;73.00;71.00;73.00;71.00;70.00;86.00;82.00;76.00;82.00;83.00;86.00;92.00;95.00;98.00;92.00;98.00;100.00;101.00;98.00;106.00;88.00;102.00;85.00;86.00;85.00;93.60;86.90;85.10;80.20;80.00;72.50;85.95;81.00;88.00;88.00;74.17;86.96;82.25;71.19
Papua New Guinea;32.00;32.00;29.00;27.00;34.00;43.00;44.00;44.00;48.00;53.00;68.00;68.00;58.00;58.00;61.00;62.00;56.00;45.00;60.00;60.00;59.00;55.00;61.00;68.00;62.00;61.00;75.00;60.00;52.00;64.00;70.00;61.00;63.00;68.00;62.00;62.00;61.00;51.00;50.00;40.00;45.20;37.07;42.35;39.84
Paraguay;17.00;28.00;34.00;45.00;67.00;57.00;52.00;58.00;56.00;61.00;80.00;80.00;87.00;78.00;81.00;79.00;80.00;82.00;81.00;77.00;80.00;89.00;87.00;86.00;88.00;87.00;85.00;78.00;76.00;72.20;76.00;75.50;74.40;72.60;74.00;80.11;80.00;79.00;76.00;74.00;66.62;57.58;56.92;89.00
Peru;16.00;20.00;23.00;23.00;28.00;48.00;50.00;43.00;61.00;58.00;72.00;71.00;83.00;87.00;87.00;95.00;99.00;98.00;98.00;99.00;98.00;90.00;94.80;94.00;90.57;89.00;94.00;101.00;99.00;92.50;92.50;91.16;95.25;88.16;88.32;90.28;89.96;79.38;96.59;88.00;72.22;81.50;82.27;84.29
Philippines;47.00;54.00;54.00;55.00;36.00;59.00;53.00;72.00;79.00;86.00;88.00;90.00;92.00;89.00;88.00;83.00;90.00;90.00;87.00;;79.00;79.00;79.00;84.00;88.00;89.00;88.00;87.00;91.00;87.00;88.00;71.00;65.00;54.00;72.00;55.00;85.00;69.00;65.00;71.00;75.00;56.62;71.73;76.81
Poland;96.00;96.00;95.00;95.00;95.00;94.00;95.00;96.00;96.00;96.00;96.00;95.00;95.00;95.00;96.00;96.00;97.00;98.00;98.00;98.00;98.00;98.00;99.00;99.00;98.70;99.00;99.00;99.00;99.00;99.00;99.00;99.00;98.70;98.60;98.30;97.90;97.60;96.40;95.20;95.00;95.00;94.00;94.30;
Portugal;73.00;75.00;78.00;79.00;78.00;72.00;81.00;83.00;81.00;88.00;89.00;96.00;94.00;93.00;97.00;93.00;95.00;94.00;97.00;;;;93.80;98.60;95.00;93.00;97.00;97.00;97.00;96.00;98.00;97.00;98.00;98.00;97.80;97.90;97.60;98.10;98.60;98.70;98.80;98.60;98.60;98.80
Qatar;61.00;43.00;37.00;49.00;60.00;71.00;72.00;72.00;69.00;81.00;82.00;86.00;88.00;90.00;91.00;92.00;92.00;92.00;94.00;92.00;80.00;93.00;96.00;92.00;96.00;97.00;96.00;94.00;;99.00;97.00;93.00;92.04;97.00;89.00;98.57;98.00;97.00;97.90;;89.01;97.99;98.30;95.10
Republic of Korea;70.00;61.00;61.00;69.00;76.00;76.00;76.00;57.00;58.00;89.00;74.00;;;;93.00;100.00;;80.00;74.00;;96.80;;;97.00;87.50;96.00;98.00;91.00;94.00;94.00;94.00;99.10;99.60;99.60;99.60;97.50;98.00;;97.80;98.00;98.00;98.00;98.00;98.00
Republic of Moldova;;;;;;;;;;;;;84.00;70.00;86.00;96.00;97.00;97.00;97.00;97.00;95.00;97.00;97.10;97.70;97.50;98.00;97.00;92.00;90.00;94.33;89.80;92.60;92.40;89.60;90.30;86.60;89.20;87.73;92.80;90.56;86.07;86.74;87.57;87.40
Romania;;;;;;95.00;89.00;92.00;96.00;96.00;96.00;98.00;98.00;91.00;98.00;98.00;98.00;97.00;;97.40;98.70;98.60;;97.00;;;97.00;;;;94.00;;;;94.30;89.10;89.10;82.20;86.20;87.80;86.70;86.30;84.60;78.50
Russian Federation;;;;;;;;;;;68.50;68.70;72.60;79.20;88.10;77.80;83.70;87.50;91.00;95.00;95.70;95.80;96.60;96.30;97.40;98.00;97.84;98.00;98.00;97.54;97.00;97.20;97.27;97.30;96.52;97.04;97.02;97.00;96.88;96.88;96.53;96.73;96.87;96.85
Rwanda;;17.00;;59.00;;50.00;77.00;79.00;78.00;68.00;57.00;89.00;85.00;83.00;;90.00;98.00;77.00;;85.00;90.00;77.00;88.00;96.00;89.00;95.00;100.00;97.00;97.00;97.00;97.00;96.80;101.00;101.52;98.00;101.19;98.00;102.97;97.00;97.74;98.00;88.00;;93.65
Saint Kitts and Nevis;56.00;67.00;92.00;90.00;97.00;92.00;100.00;96.00;94.00;100.00;100.00;100.00;100.00;100.00;100.00;99.00;100.00;100.00;98.00;100.00;99.00;100.00;97.00;99.00;96.00;100.00;100.00;100.00;99.00;109.60;95.70;98.00;102.40;97.00;98.00;93.70;98.35;98.00;98.00;97.00;99.23;95.67;96.33;96.49
Saint Lucia;56.00;64.00;79.00;81.00;83.00;87.00;78.00;85.00;78.00;92.00;89.00;96.00;96.00;97.00;93.00;98.00;88.00;98.00;88.00;89.00;70.30;95.00;88.00;90.00;91.00;95.00;85.00;100.00;96.00;94.80;96.60;100.00;98.40;103.40;99.00;107.45;95.16;80.00;95.00;92.00;85.65;79.62;80.73;74.08
Saint Vincent and the Grenadines;26.00;32.00;67.00;80.00;86.00;90.00;95.00;97.00;98.00;98.00;98.00;99.00;100.00;100.00;100.00;97.00;100.00;100.00;100.00;95.00;100.00;100.00;100.00;100.00;100.00;99.00;100.00;108.00;102.00;105.00;100.20;95.60;95.90;101.90;98.00;120.04;99.90;104.00;97.00;104.00;106.00;92.23;99.05;93.54
Samoa;29.00;66.00;87.00;89.00;96.00;89.00;94.00;93.00;90.00;66.00;90.00;79.00;91.00;;93.00;94.00;95.00;96.00;100.00;98.00;100.00;93.00;;;68.00;64.00;56.00;71.00;46.00;72.00;87.30;91.00;91.55;95.00;91.00;94.00;90.00;90.00;44.00;68.00;89.24;85.00;;
San Marino;;;;99.00;;;;;;;;100.00;100.00;99.00;88.00;99.00;99.00;;;;;;96.40;95.60;94.80;95.60;92.40;91.40;91.00;89.50;89.90;92.50;89.20;85.90;84.40;85.30;86.00;;90.00;87.80;89.16;;;
Sao Tome and Principe;;42.00;;26.00;49.00;48.00;65.00;72.00;77.00;63.00;92.00;87.00;68.00;60.00;;79.00;68.00;73.00;73.00;;82.23;;;94.00;101.00;97.00;102.00;97.00;99.00;98.00;98.00;95.70;96.00;97.00;95.00;96.30;96.00;95.00;95.00;95.00;;96.51;;86.50
Saudi Arabia;41.00;53.00;62.00;67.00;76.00;81.00;86.00;89.00;89.00;96.00;92.00;91.00;91.00;94.00;95.00;96.00;93.00;92.00;94.00;93.00;95.00;97.00;94.70;95.20;96.30;96.00;96.00;96.00;98.00;98.00;98.00;98.00;97.70;97.70;98.10;98.30;98.00;98.00;96.00;95.70;95.40;97.40;97.90;96.80
Senegal;;;;;;54.00;;;59.00;71.00;66.00;51.00;46.00;52.00;57.00;80.00;70.00;59.00;59.00;60.00;51.80;52.00;60.00;73.00;87.00;84.00;89.00;94.00;88.00;86.00;70.00;83.00;83.00;92.00;89.00;89.00;93.00;92.90;81.00;100.00;96.00;89.60;93.00;82.60
Serbia;;90.00;;85.00;89.00;89.00;90.00;90.00;91.00;90.00;84.00;78.90;84.30;84.60;85.00;89.00;91.00;94.00;;92.00;94.90;93.20;94.90;89.00;88.00;98.00;92.00;94.00;95.00;95.00;91.00;94.00;91.00;95.00;92.50;95.20;92.50;95.30;96.50;96.60;91.70;90.80;91.88;92.83
Seychelles;;13.00;;;95.00;86.00;94.00;89.00;97.00;;99.00;;96.00;;96.00;98.00;100.00;98.00;99.00;99.00;;96.00;99.00;100.00;100.00;100.00;100.00;100.00;100.00;99.00;99.00;99.80;98.00;98.00;99.81;97.10;96.00;97.00;99.00;99.00;96.90;94.10;96.88;97.10
Sierra Leone;13.00;15.00;10.00;24.00;21.00;;;;22.00;;83.00;56.00;64.00;63.00;41.00;43.00;65.00;26.00;56.00;;24.00;38.00;52.00;70.00;61.00;64.00;95.00;79.00;87.00;91.00;76.00;76.00;91.00;92.00;83.00;86.00;84.00;90.00;94.00;95.00;90.51;92.00;91.00;102.82
Singapore;84.00;87.00;83.00;84.00;77.00;78.00;91.00;96.00;90.00;90.00;85.00;91.00;89.00;92.00;94.63;97.74;97.36;97.76;97.25;97.21;97.64;95.51;94.10;96.01;94.65;96.11;95.45;97.00;97.00;97.00;96.00;96.00;97.00;97.00;96.00;96.00;97.00;96.02;96.00;;;;;97.50
Slovakia;;;;;;;;;;;;;;;99.00;99.00;99.00;99.00;99.00;99.00;99.00;99.40;99.30;98.60;99.00;99.00;99.00;99.00;99.00;99.00;99.10;99.10;98.70;98.00;96.80;96.00;96.40;96.40;96.50;96.70;96.60;97.00;96.51;96.26
Slovenia;;;;;;;;;;;;;98.00;98.00;98.00;98.00;98.00;94.00;91.00;92.00;91.00;92.00;93.00;95.00;94.00;95.00;97.00;97.00;97.00;96.00;96.00;96.10;96.10;94.80;95.00;94.80;94.10;94.20;93.40;94.70;95.20;86.40;89.20;89.30
Solomon Islands;46.00;35.00;23.00;27.00;45.00;38.00;42.00;66.00;69.00;67.00;77.00;76.00;;65.00;68.00;69.00;97.00;72.00;69.00;86.30;;78.00;71.40;73.00;80.00;78.00;91.00;79.00;78.00;81.00;;87.63;89.77;83.25;77.47;87.32;94.00;82.67;85.00;94.00;94.00;87.03;88.80;83.51
Somalia;9.00;2.00;4.00;5.00;10.00;22.00;17.00;25.00;26.00;18.00;;;;;;;;19.00;24.00;18.00;32.60;33.00;40.00;40.00;30.00;35.00;26.00;40.00;42.00;51.00;64.00;60.00;61.00;34.00;65.00;;51.00;63.00;69.00;77.00;72.71;;90.40;
South Africa;;;;74.00;75.00;75.00;70.00;72.00;70.00;87.00;74.00;81.00;79.00;81.00;;72.00;73.00;73.00;76.00;76.40;96.00;81.00;82.00;94.00;70.90;97.00;99.00;97.00;98.00;;91.20;86.98;82.85;90.59;94.99;92.80;84.40;83.80;82.14;85.00;83.83;85.59;85.28;78.80
South Sudan;;;;;;;;;;;;;;;;;;;;;;;;;;;;30.00;30.00;50.00;43.00;46.00;68.00;56.00;58.00;50.00;45.00;59.00;49.30;50.00;60.06;83.00;84.41;85.00
Spain;;;;;95.00;79.00;88.00;77.00;93.00;93.00;86.00;86.00;84.00;87.00;88.00;90.00;90.00;94.00;95.00;95.00;95.00;96.00;98.00;98.00;97.00;96.00;98.00;96.00;97.00;95.90;96.60;97.10;96.30;95.60;96.60;96.51;97.20;94.80;95.50;95.00;94.31;92.39;93.30;92.91
Sri Lanka;46.00;45.00;57.00;64.00;66.00;70.00;75.00;77.00;83.00;87.00;86.00;86.00;88.00;90.00;88.00;93.00;92.00;97.00;94.00;99.00;103.20;113.20;98.00;99.50;97.00;100.00;98.00;98.00;98.00;97.00;99.00;99.00;99.00;99.00;99.00;99.00;99.00;99.00;99.00;99.00;95.75;96.12;98.35;98.66
Sudan;1.00;1.00;2.00;3.00;4.00;8.00;13.60;27.10;40.10;40.00;62.40;62.50;52.60;51.00;68.90;72.10;79.40;78.00;70.00;78.80;65.00;70.50;64.20;74.00;79.00;83.00;85.00;91.00;93.00;91.10;95.05;93.46;91.63;93.00;94.30;92.70;92.60;94.70;93.20;93.00;89.80;;;
Suriname;25.00;27.00;61.00;85.00;80.00;84.00;80.00;71.00;64.00;72.00;83.00;75.00;74.00;76.00;74.00;84.00;85.00;81.00;90.00;85.00;71.00;68.00;73.00;75.00;85.00;83.00;84.00;84.00;85.00;86.70;96.00;86.30;84.00;86.50;85.00;88.70;91.29;81.00;95.00;91.00;64.96;86.46;91.28;86.45
Sweden;;99.00;;;99.00;99.00;99.00;99.00;99.00;99.00;99.00;99.00;99.00;99.00;99.00;99.00;99.00;99.00;;99.00;99.00;99.00;99.00;99.00;99.00;98.00;98.00;98.00;98.00;98.40;98.00;98.30;98.40;98.40;98.20;98.10;97.50;97.30;97.40;97.50;97.30;97.60;94.30;94.00
Switzerland;;;;;;;90.00;;90.00;90.00;90.00;89.00;89.00;89.00;89.00;89.00;89.00;89.00;88.00;93.00;93.00;93.00;93.00;93.00;93.00;94.00;94.00;94.00;95.00;95.00;95.00;96.00;96.00;96.00;95.85;96.00;95.90;96.00;95.90;96.20;96.50;96.00;96.00;95.00
Syrian Arab Republic;13.00;14.00;15.00;21.00;25.00;29.00;86.00;42.00;59.00;94.00;91.00;89.00;89.00;90.00;89.00;92.00;96.00;95.00;97.00;97.00;97.00;95.00;99.00;99.00;99.00;99.00;99.00;99.00;98.00;99.00;99.00;91.00;64.00;60.00;62.00;60.00;61.00;67.00;66.00;73.00;67.73;66.82;65.40;71.66
Tajikistan;;;;;;82.00;89.00;87.00;88.00;88.00;86.00;81.00;86.00;78.00;95.00;94.00;89.00;95.00;93.00;96.00;96.00;96.70;97.00;96.00;96.00;95.00;96.00;86.00;86.00;;;;;;96.90;96.00;96.00;96.50;95.60;96.70;;96.79;96.54;96.42
Thailand;49.00;52.00;25.00;53.00;44.00;47.00;47.00;75.00;70.00;74.00;85.00;86.00;85.00;79.00;71.00;94.00;96.00;95.00;;97.00;97.00;96.00;96.50;98.00;97.60;98.00;98.00;98.00;99.00;98.70;98.70;98.70;98.70;99.40;99.40;99.40;99.40;99.40;96.52;96.52;87.95;;87.60;
Timor-Leste;;;;;;;;;;;;;;;;;;;;;;;;70.00;57.00;55.00;63.00;70.00;79.00;72.30;72.00;67.00;83.00;82.00;77.00;90.00;95.00;92.00;83.30;90.00;86.00;90.45;97.84;
Togo;;;;;;;;54.00;66.00;65.00;77.00;82.00;76.00;75.00;71.00;47.00;27.00;40.00;36.00;47.92;50.00;43.00;59.00;72.00;71.00;82.00;87.00;88.00;89.00;89.00;92.00;92.00;84.10;84.10;87.00;88.00;89.00;90.00;88.00;91.00;88.63;89.57;88.60;92.35
Tokelau;;19.00;;;;46.00;92.00;77.00;46.00;60.00;99.00;98.00;99.00;99.00;;99.00;99.00;100.00;100.00;100.00;100.00;;;41.00;99.00;100.00;;100.00;97.00;100.00;98.00;98.00;100.00;99.00;100.00;100.00;;90.00;;98.00;90.00;100.00;;
Tonga;40.00;37.00;52.00;63.00;51.00;92.00;75.00;100.00;92.00;;94.00;88.00;100.00;96.00;89.00;95.00;99.00;96.00;97.00;93.70;95.00;94.40;;98.30;99.30;99.00;100.00;100.00;100.00;99.00;99.00;99.90;95.00;99.70;95.00;96.00;96.00;99.10;99.00;100.00;;98.98;98.98;99.17
Trinidad and Tobago;26.00;62.00;54.00;60.00;65.00;75.00;70.00;79.00;82.00;77.00;82.00;82.00;87.00;81.00;85.00;89.00;89.00;90.00;91.00;90.00;90.05;91.00;96.00;91.00;94.00;95.00;92.00;88.00;90.00;90.20;89.70;89.70;92.00;91.80;92.00;96.07;97.47;89.00;100.00;93.00;96.30;94.42;93.09;96.11
Tunisia;36.00;36.00;52.00;62.00;61.00;70.00;72.00;75.00;91.00;92.00;91.00;93.00;100.00;99.00;91.00;92.00;91.00;96.00;96.00;100.00;97.00;98.00;96.00;95.00;97.00;98.00;99.00;98.00;99.00;99.00;98.00;98.00;97.00;98.00;98.00;98.00;98.00;98.00;97.00;98.00;97.00;97.00;97.00;97.00
Türkiye;42.00;64.00;58.00;56.00;;;45.00;71.00;68.00;74.00;74.00;81.00;78.00;76.00;81.00;66.00;84.00;79.00;81.00;79.00;85.00;88.00;78.00;68.00;85.00;90.00;90.00;96.00;96.00;96.00;97.00;97.00;97.00;98.00;96.00;97.00;98.00;96.00;98.00;98.67;98.44;95.50;99.52;98.76
Turkmenistan;;;;;;;;;;;;;84.00;73.00;90.00;93.00;97.00;98.00;99.00;98.40;97.20;95.40;97.70;83.30;97.20;99.00;98.00;98.00;96.00;96.50;95.70;97.00;97.30;97.80;97.60;98.80;98.20;98.90;98.80;98.80;98.40;97.30;97.70;98.00
Turks and Caicos Islands;;32.00;83.00;70.00;60.00;72.00;72.00;100.00;94.00;92.00;97.00;99.00;76.00;94.00;99.00;99.00;99.00;99.00;99.00;83.00;100.00;;;96.00;;;;;;;;;;;;;;93.00;93.00;93.00;84.25;92.31;99.25;99.65
Tuvalu;36.00;49.00;72.00;79.00;37.00;52.00;73.00;59.00;89.00;85.00;100.00;74.00;70.00;80.00;100.00;87.00;97.00;77.00;94.00;83.00;82.00;96.10;98.00;93.00;98.00;93.00;97.00;97.00;99.00;87.50;89.28;96.10;96.75;90.17;89.30;96.00;94.00;95.70;89.20;92.10;94.94;94.10;90.69;94.14
Uganda;;9.00;;14.00;;14.00;21.00;39.00;40.00;60.00;77.00;77.00;71.00;73.00;79.00;74.00;72.00;61.00;56.00;60.00;58.00;61.00;72.00;81.00;87.00;84.00;80.00;85.00;79.00;83.00;80.00;82.00;78.00;97.00;99.00;89.00;93.00;94.00;78.60;73.00;88.94;91.00;88.70;70.00
Ukraine;;;;;;;;;;;;;88.00;93.00;97.00;98.00;99.00;99.00;98.00;99.00;99.30;99.07;99.80;97.30;99.40;96.00;98.00;98.00;90.00;;52.20;49.90;76.00;;;23.46;19.50;49.60;69.30;79.90;81.30;78.10;72.94;83.36
United Arab Emirates;11.00;45.00;43.00;50.00;59.00;58.00;65.00;63.00;73.00;89.00;;85.00;86.00;90.00;90.00;90.00;90.00;92.00;94.00;94.00;94.00;94.00;94.00;94.00;94.00;94.00;92.00;92.00;92.00;;94.00;;119.70;;142.00;100.00;100.00;97.00;100.00;99.00;89.84;96.00;96.00;96.00
United Kingdom of Great Britain and Northern Ireland;;44.00;49.00;57.00;60.00;;67.00;70.00;73.00;78.00;85.00;92.00;94.00;94.00;94.00;93.00;96.00;92.00;91.00;92.00;91.00;91.00;91.00;91.00;92.00;91.00;92.00;92.00;92.00;93.00;94.00;95.00;95.00;95.00;95.00;94.70;94.00;94.00;94.00;93.00;93.02;92.58;92.30;92.21
United Republic of Tanzania;59.00;55.00;50.00;52.00;58.00;67.00;74.00;79.00;85.00;77.00;78.00;81.00;83.00;83.00;84.00;81.00;82.00;79.00;79.00;76.00;79.00;87.00;89.00;95.00;95.00;90.00;90.00;83.00;86.00;85.00;90.90;92.00;92.00;91.00;97.00;98.00;97.00;97.00;98.00;98.00;95.00;96.00;97.00;97.00
United States of America;96.00;96.00;96.00;97.00;97.00;96.00;;;;;;69.00;83.00;88.00;94.00;95.00;95.00;96.00;96.00;96.00;94.00;94.00;93.90;96.00;96.00;96.00;96.00;96.00;96.00;95.00;94.50;96.00;94.00;94.30;95.00;94.70;95.00;94.00;94.00;93.80;93.30;93.70;94.20;
Uruguay;53.00;57.00;67.00;73.00;62.00;63.00;68.00;85.00;82.00;88.00;97.00;96.00;93.00;92.00;91.00;91.00;91.00;91.00;91.00;93.00;90.00;93.90;95.00;91.19;94.00;96.00;95.00;94.00;94.00;94.50;94.60;95.00;94.80;94.50;95.00;94.55;94.57;;91.00;94.00;91.91;91.28;94.03;95.31
Uzbekistan;;;;;;;;;;;;;90.00;45.00;67.00;87.00;95.00;96.00;99.00;99.00;99.00;99.00;99.00;98.30;98.90;99.00;96.00;96.00;98.00;97.70;99.10;99.30;99.20;98.80;99.90;98.60;99.80;99.80;97.90;95.60;95.25;97.91;99.19;98.90
Vanuatu;;;22.00;27.00;28.00;30.00;31.00;56.00;58.00;61.00;76.00;83.00;77.00;86.00;74.00;73.00;67.00;72.00;93.00;90.00;90.00;93.00;;49.00;;66.00;85.00;76.00;;82.00;93.00;;95.48;75.00;86.00;80.00;81.00;85.00;85.00;90.00;;62.00;68.00;72.00
Venezuela (Bolivarian Republic of);56.00;54.00;53.00;58.00;33.00;49.00;58.00;57.00;56.00;57.00;63.00;64.00;67.00;68.00;63.00;68.00;57.00;60.00;39.00;76.00;77.00;70.00;65.00;68.00;86.00;87.00;71.00;62.00;50.00;84.00;78.00;77.90;80.92;81.72;77.63;86.60;83.73;66.00;60.00;64.00;54.16;56.44;;54.05
Viet Nam;;;;4.00;5.00;42.00;43.00;50.00;70.00;88.00;88.00;88.00;88.00;91.00;94.00;93.00;94.00;95.00;94.00;93.00;96.00;96.00;75.00;100.00;96.00;95.00;94.00;92.00;93.00;;;;;;;;;;;;;83.22;90.62;64.90
Yemen;1.00;3.00;4.00;5.00;7.00;12.00;13.00;18.00;36.00;56.00;89.00;62.00;51.00;54.00;47.00;53.00;57.00;51.00;68.00;72.00;76.00;76.00;69.00;66.00;78.00;85.00;85.00;87.00;87.00;86.00;87.00;80.78;82.00;88.00;88.15;84.00;86.00;83.00;80.00;88.00;87.00;87.00;89.00;76.91
Zambia;;;;83.00;58.00;;66.00;65.00;63.00;58.00;71.00;91.00;61.00;67.00;86.00;82.00;83.00;70.00;;92.00;75.50;;;91.00;94.00;91.00;97.00;92.00;95.00;98.00;84.00;81.00;78.00;79.00;86.00;90.00;99.00;94.00;90.00;88.00;84.00;90.80;81.80;79.69
Zimbabwe;;39.00;;30.00;60.00;72.00;75.00;84.00;81.00;83.00;78.00;89.00;79.00;73.00;80.00;83.00;80.00;78.00;70.00;81.00;77.00;75.00;75.00;80.00;85.00;90.00;90.00;85.00;75.00;;89.00;93.00;95.00;95.00;91.30;96.00;90.00;89.00;89.00;90.00;86.08;;90.00;90.00
Israel;84.00;91.00;92.00;89.00;87.00;85.00;92.00;92.00;92.00;92.00;93.00;94.00;95.00;96.00;95.00;96.00;94.00;95.00;96.00;96.00;96.00;95.00;97.00;95.00;95.00;93.00;95.00;95.00;94.00;96.00;95.00;94.00;94.00;96.00;95.00;95.00;94.00;98.00;97.60;98.00;97.66;97.58;97.87;
Nauru;;;;;67.00;67.00;;55.00;67.00;75.00;74.00;;;;;56.00;;50.00;72.00;64.00;44.00;95.00;80.00;;80.00;80.00;72.00;100.00;100.00;100.00;100.00;100.00;79.00;;75.00;91.00;97.00;87.00;90.22;96.00;95.43;97.98;;
Curaçao;;;;;;;;;;;;;;;;;;;;;;;;;;;;;;;;;;;;;;85.00;92.00;98.00;;;;
Morocco;;43.00;32.00;41.00;45.00;51.00;54.00;85.00;82.00;80.00;81.00;81.00;87.00;86.00;87.00;90.00;95.00;94.00;93.00;91.00;95.00;96.00;94.00;91.00;97.00;98.00;97.00;95.00;99.00;99.00;100.00;99.00;99.00;99.00;99.00;99.00;100.00;100.00;100.00;100.00;;;;
Wallis and Futuna;60.00;73.00;72.00;;94.00;94.00;;;;77.00;;;87.00;64.00;93.00;93.00;;95.00;93.00;100.00;100.00;;;100.00;;;;0.88;;100.00;85.00;;;;;;166.00;;;;;;;
Sint Maarten (Dutch part);;;;;;;;;;;;;;;;;;;;;;;;;;;;;;;;;;;;;;100.00;89.00;;;;;
American Samoa;42.00;52.00;;62.00;60.00;60.00;;53.00;45.00;58.00;44.00;47.00;81.00;77.00;91.00;97.00;74.00;85.00;91.00;91.00;86.00;;;;;;;;94.00;;;91.00;;;;;;;;;;;;
